"","Sum Sq","Mean Sq","NumDF","DenDF","F value","Pr(>F)"
"method",12.6763999368271,12.6763999368271,1,93.6963964700183,388.642715304181,4.18956777605113e-35
"treatment",0.184432305511124,0.184432305511124,1,96.5352480653402,5.65446596516854,0.0193810112758145
"plant",3.42273966768189,0.684547933536377,5,96.5052300396453,20.987391449566,3.83749379601139e-14
"method:treatment",0.0410611705036542,0.0410611705036542,1,93.6963979045418,1.25888461058625,0.264729447595685
"method:plant",0.551020143926027,0.110204028785205,5,93.5703620560004,3.37871897368227,0.00751860629463639
"treatment:plant",0.283930410281933,0.0567860820563867,5,96.5052301350863,1.74099091476,0.132530193918601
"method:treatment:plant",0.100472072309483,0.0200944144618967,5,93.5703620631894,0.616069849313533,0.687824928594074
