"","Sum Sq","Mean Sq","NumDF","DenDF","F value","Pr(>F)"
"method",522.342980093963,522.342980093963,1,96.1160731486996,345.541080179726,1.35881847601231e-33
"treatment",9.53527969483964,9.53527969483964,1,3.83108333834289,6.30779195113908,0.068683739852063
"plant",84.6481592327662,16.9296318465532,5,91.7226500034467,11.1993144317758,1.92842211451776e-08
"method:treatment",3.92169083161294,3.92169083161294,1,96.116075871086,2.59428256476749,0.110529336606157
"method:plant",72.8485326780502,14.56970653561,5,95.9230719540402,9.6381732426282,1.77114404553924e-07
"treatment:plant",33.38194741555,6.67638948311,5,91.7226498722304,4.41657478249138,0.00119566738604015
"method:treatment:plant",39.8094817568152,7.96189635136304,5,95.9230719042959,5.26696513665045,0.000256376444554174
